{
  "experiment": "physionet",
  "model": "tabtransformer",
  "best_config": {
    "lr": 0.0005558724897765564,
    "n_epochs": 40,
    "weight_decay": 2.2047005069543005e-05,
    "ff_dropout": 0.11127480994671296,
    "attn_dropout": 0.4426578363172268,
    "dim": 32,
    "depth": 3,
    "heads": 8
  },
  "n_epochs": 20,
  "batch_size": 256,
  "n_train": 1122299,
  "splits": {
    "validation": {
      "n": 140287,
      "accuracy": 0.9884522443276996,
      "balanced_accuracy": 0.5,
      "f1": 0.0
    },
    "id_test": {
      "n": 140288,
      "accuracy": 0.987988994069343,
      "balanced_accuracy": 0.5,
      "f1": 0.0
    },
    "ood_test": {
      "n": 134402,
      "accuracy": 0.924688620705049,
      "balanced_accuracy": 0.5000987751876729,
      "f1": 0.0003950227138060438
    }
  }
}