{
  "experiment": "acsunemployment",
  "model": "tabtransformer",
  "best_config": {
    "lr": 8.771722560776993e-05,
    "n_epochs": 70,
    "weight_decay": 0.0023913295638217937,
    "ff_dropout": 0.14683858981739084,
    "attn_dropout": 0.46347827358357857,
    "dim": 32,
    "depth": 4,
    "heads": 2
  },
  "n_epochs": 20,
  "batch_size": 512,
  "n_train": 1290914,
  "splits": {
    "validation": {
      "n": 161364,
      "accuracy": 0.9731600604843708,
      "balanced_accuracy": 0.6714673973240685,
      "f1": 0.46431663574520715
    },
    "id_test": {
      "n": 161365,
      "accuracy": 0.9720323490224027,
      "balanced_accuracy": 0.6674576433264352,
      "f1": 0.4518401554718815
    },
    "ood_test": {
      "n": 163611,
      "accuracy": 0.9598987843115683,
      "balanced_accuracy": 0.7046799322750079,
      "f1": 0.5190940409000953
    }
  }
}