{
  "experiment": "nhanes_lead",
  "model": "ft_transformer",
  "best_config": {
    "lr": 4.2334471186567463e-05,
    "n_epochs": 80,
    "num_layers": 3,
    "dropouts": 0.05409478214551433,
    "weight_decay": 0.00923798847775075,
    "n_blocks": 2,
    "residual_dropout": 0.0036083006788528715,
    "attention_dropout": 0.37101959088704606,
    "ffn_dropout": 0.3113297983438997,
    "ffn_factor": 1.6194229115583272,
    "d_token": 64
  },
  "n_epochs": 20,
  "batch_size": 4096,
  "n_train": 11807,
  "splits": {
    "validation": {
      "n": 1476,
      "accuracy": 0.9695121951219512,
      "balanced_accuracy": 0.5,
      "f1": 0.0
    },
    "id_test": {
      "n": 1476,
      "accuracy": 0.9701897018970189,
      "balanced_accuracy": 0.5,
      "f1": 0.0
    },
    "ood_test": {
      "n": 11466,
      "accuracy": 0.9213326356183499,
      "balanced_accuracy": 0.5,
      "f1": 0.0
    }
  }
}