{
  "experiment": "physionet",
  "model": "mlp",
  "best_config": {
    "d_hidden": 256,
    "lr": 0.0001755549628872224,
    "n_epochs": 20,
    "num_layers": 6,
    "dropouts": 0.0217562354325474,
    "weight_decay": 6.584883962800357e-05
  },
  "n_epochs": 20,
  "batch_size": 4096,
  "n_train": 1122299,
  "splits": {
    "validation": {
      "n": 140287,
      "accuracy": 0.9884379878392153,
      "balanced_accuracy": 0.5002978246936194,
      "f1": 0.0012315270935960591
    },
    "id_test": {
      "n": 140288,
      "accuracy": 0.9880032504562044,
      "balanced_accuracy": 0.5008866002896089,
      "f1": 0.003552397868561279
    },
    "ood_test": {
      "n": 134402,
      "accuracy": 0.924688620705049,
      "balanced_accuracy": 0.5001441395432853,
      "f1": 0.0005924170616113745
    }
  }
}