{
  "experiment": "assistments",
  "model": "ft_transformer",
  "source_ckpt": "./models/assistments/fttrans/checkpoint.pt",
  "n_epochs": 1,
  "batch_size": 2048,
  "splits": {
    "ood_test": {
      "n": 1906,
      "accuracy": 0.5954879328436516,
      "balanced_accuracy": 0.6314471870075921,
      "f1": 0.6637592673353685
    }
  },
  "tta": {
    "total_used": 1612,
    "total_seen": 1906,
    "fraction": 0.8457502623294858
  }
}