{
  "experiment": "nhanes_lead",
  "model": "tabtransformer",
  "best_config": {
    "lr": 0.062100011134752824,
    "n_epochs": 15,
    "weight_decay": 0.06377516157853891,
    "ff_dropout": 0.12134762623693374,
    "attn_dropout": 0.20766807908468116,
    "dim": 32,
    "depth": 5,
    "heads": 4
  },
  "n_epochs": 15,
  "batch_size": 4096,
  "n_train": 11807,
  "splits": {
    "validation": {
      "n": 1476,
      "accuracy": 0.9695121951219512,
      "balanced_accuracy": 0.5,
      "f1": 0.0
    },
    "id_test": {
      "n": 1476,
      "accuracy": 0.9701897018970189,
      "balanced_accuracy": 0.5,
      "f1": 0.0
    },
    "ood_test": {
      "n": 11466,
      "accuracy": 0.9213326356183499,
      "balanced_accuracy": 0.5,
      "f1": 0.0
    }
  }
}